Site Id	Metals	Metals Info	Ligands
1jhw_1	Eu;	EU3_402(A)_EU;	ASP_279(A), ASP_280(A), GLU_304(A);
2p1x_1	Eu;	EU3_501(A)_EU;	ASP_29(A), ASP_31(A) HOH_584(A), HOH_611(A), HOH_612(A), HOH_613(A);
2p1x_2	Eu;	EU3_504(A)_EU;	GLU_19(A), ASP_23(A) HOH_608(A), HOH_609(A);
2p1x_3	Eu;	EU3_502(A)_EU;	ASP_3(A), GLU_55(A) HOH_541(A), HOH_610(A);
2p1x_4	Eu;	EU3_503(A)_EU;	ASP_76(A);
2p1x_5	Eu;	EU3_500(A)_EU;	GLU_33(A) HOH_537(A), HOH_539(A), HOH_540(A), HOH_592(A), HOH_607(A);
2pc2_1	Eu;	EU_201(A)_EU;	PDC_302(A), PDC_303(A), PDC_304(A);
2pc2_2	Eu;	EU_203(A)_EU;	PDC_502(A), PDC_503(A), PDC_504(A);
2pc2_3	Eu;	EU_202(A)_EU;	PDC_402(A), PDC_404(A);
2pc2_4	Eu;	EU_205(A)_EU;	PDC_702(A);
2pc2_5	Eu;	EU_204(A)_EU;	PDC_602(A), PDC_603(A), PDC_604(A);
2pe7_1	Eu;	EU_601(A)_EU;	PDC_602(A), PDC_603(A), PDC_604(A);
1qsl_1	Eu;	EU_1(A)_EU;	ASP_355(A), GLU_357(A), ASP_501(A), DC_1008(B) HOH_2(A);
3py9_1	Eu;	EU_305(A)_EU;	ASP_99(A), ASP_130(A), ASN_132(A);
3py9_2	Eu;	EU_303(A)_EU;	ASP_230(A);
3py9_3	Eu;	EU_302(A)_EU;	GLU_44(A);
3py9_4	Eu;	EU_301(A)_EU;	GLU_8(A);
2yat_1	Eu;	EU_1550(A)_EU;	EEU_1549(A);
1wc4_1	Eu;	EU3_2100(A)_EU;	ASP_1017(A), ILE_1018(A), ASP_1061(A) APC_1500(A);
3lgr_1	Eu;	EU_201(A)_EU;	PDC_302(A), PDC_303(A), PDC_304(A);
3lgr_2	Eu;	EU_203(A)_EU;	HOH_331(A), HOH_544(A);
3mvo_2	Eu;	EU3_503(A)_EU;	GLU_402(A), ASN_406(A), ILE_440(A);
2fby_1	Eu;Eu	EU3_237(A)_EU;EU3_238(A)_EU;	ASP_82(A), GLU_84(A), ASP_216(A) HOH_346(A);ASP_82(A) HOH_346(A), HOH_349(A);
3tf6_1	Eu;	EU_206(C)_EU;	DBH_216(C);
3tor_1	Fe;Fe;Eu;	HEC_7(C)_FE;HEC_7(B)_FE;EU_479(B)_EU;EU_480(B)_EU;	HIS_275(C), HIS_318(C) HEC_7(C);HIS_275(B), HIS_318(B) HEC_7(B);HEC_7(C), HOH_611(C), HOH_1718(B);GLU_396(C) HEC_7(C)
3tor_3	Eu;Fe;	EU_2(C)_EU;HEC_5(C)_FE;HEC_6(C)_FE;	PRO_91(C) HEC_5(C), HEC_6(C), HOH_645(C), HOH_858(C), HOH_1356(C), HOH_1509(C), HOH_1793(C);HIS_94(C), HIS_213(C) HEC_5(C);HIS_286(C), HIS_393(C) HEC_6(C);
3tor_7	Eu;	EU_479(C)_EU;	GLU_190(C), ASP_457(A) HOH_521(C), HOH_622(C), HOH_826(A), HOH_866(C), HOH_1514(A);
3ojo_1	Eu;	EU_501(A)_EU;	PDC_502(A), PDC_503(A), PDC_504(A);
4eni_1	Eu;	EU_201(A)_EU;	ASP_101(A) HOH_331(A), HOH_363(A), HOH_420(A);
4eni_3	Eu;	EU_202(A)_EU;	ASN_46(A), ASP_52(A) HOH_362(A), HOH_374(A);
4bap_1	Eu;	EU3_1144(A)_EU;	DCJ_1130(A), DCJ_1131(A), DCJ_1132(A);
4bar_1	Eu;	EU3_1211(A)_EU;	IKX_1208(A), IKX_1209(A), IKX_1210(A);
4bad_4	Eu;	EU3_1143(A)_EU;	HM6_1142(A), HOH_2156(A);
4lp1_2	Eu;	EU3_204(B)_EU;	GLN_52(B);
4lp1_4	Eu;	EU3_204(A)_EU;	GLU_5(A);
4lp1_7	Eu;	EU3_203(A)_EU;	ASP_31(A), GLN_32(A) HOH_303(A);
4lp1_8	Eu;	EU3_201(B)_EU;	ASP_102(B), THR_104(B) HOH_305(B);
4lp1_9	Eu;	EU3_201(A)_EU;	GLU_22(A) HOH_311(A);